title,description,r,g,b,
人工物質土,人工物質土,255,255,253,
硬盤型人工物質土,硬盤型人工物質土,255,255,252,
無機質人工物質土,無機質人工物質土,255,255,251,
有機質人工物質土,有機質人工物質土,255,255,250,
盛土造成土,盛土造成土,255,255,249,
台地盛土造成土,台地盛土造成土,255,255,248,
低地盛土造成土,低地盛土造成土,255,255,247,
泥炭土,湿生植物の遺体が、過湿のため分解を免れ厚く堆積した土壌。,0,0,1,
高位泥炭土,ミズゴケ類、ホロムイスゲ、ツルコケモモ、ミカズキグサ類、ホロムイソウを合わせた割合（面積）が最も多い泥炭物質からなる泥炭土。,2,0,0,
表層無機質高位泥炭土,表層に厚さ10cm以上の「無機質層」がある高位泥炭土。,2,2,0,
下層無機質高位泥炭土,土壌表面から75cm以内に積算して25cm以上の「無機質層」がある高位泥炭土。,2,4,0,
典型高位泥炭土,典型的な高位泥炭土。,2,6,0,
中間泥炭土,ヌマガヤ、ワタスゲ、ヤチヤナギ、アカエゾマツを合わせた割合（面積）が最も多い泥炭物質からなる泥炭土。,4,0,0,
表層無機質中間泥炭土,表層に厚さ10cm以上の「無機質層」がある中間泥炭土。,4,2,0,
下層無機質中間泥炭土,土壌表面から75cm以内に積算して25cm以上の「無機質層」がある中間泥炭土。,4,4,0,
繊維質中間泥炭土,土壌表面から50cmまでの「泥炭物質」のうち、「繊維質泥炭物質」の割合が最も多い中間泥炭土。,4,6,0,
典型中間泥炭土,典型的な中間泥炭土。,4,8,0,
低位泥炭土,高位泥炭物質、中間泥炭物質以外の泥炭物質からなる泥炭土。,6,0,0,
表層無機質低位泥炭土,表層に厚さ10cm以上の「無機質層」がある低位泥炭土。,6,2,0,
下層無機質低位泥炭土,土壌表面から75cm以内に積算して25cm以上の「無機質層」がある低位泥炭土。,6,4,0,
繊維質低位泥炭土,土壌表面から50cmまでの「泥炭物質」のうち、「繊維質泥炭物質」の割合が最も多い低位泥炭土。,6,6,0,
典型低位泥炭土,典型的な低位泥炭土。,6,8,0,
腐朽質泥炭土,土壌表面から50cmまでの「泥炭物質」からなる層のうち、「腐朽質泥炭物質」の割合が最も多い泥炭土。,8,0,0,
表層無機質腐朽質泥炭土,表層に厚さ10cm以上の「無機質層」がある腐朽質泥炭土。,8,2,0,
下層無機質腐朽質泥炭土,土壌表面から75cm以内に積算して25cm以上の「無機質層」がある腐朽質泥炭土。,8,4,0,
不明,不明,8,6,0,
典型腐朽質泥炭土,典型的な腐朽質泥炭土。,8,8,0,
ポドゾル,漂白した層と腐植または鉄・アルミニウムが集積した層の層序をもつ土壌。,76,0,115,
湿性ポドゾル,土壌表面から75cm以内に「地下水湿性特徴」を示す層または「グライ層」の上端が現れるポドゾル。,78,0,115,
岩盤質湿性ポドゾル,土壌表面から60cm以内に岩盤が現れる湿性ポドゾル。,78,2,115,
礫質湿性ポドゾル,土壌表面から60cm以内に礫層が現れる湿性ポドゾル。,78,4,115,
典型湿性ポドゾル,典型的な湿性ポドゾル。,78,6,115,
疑似グライ化ポドゾル,土壌表面から50-75cmに「疑似グライ層」の上端が現れるポドゾル。,80,0,115,
岩盤質疑似グライ化ポドゾル,土壌表面から60cm以内に岩盤が現れる疑似グライ化ポドゾル。,80,2,115,
礫質疑似グライ化ポドゾル,土壌表面から60cm以内に礫層が現れる疑似グライ化ポドゾル。,80,4,115,
典型疑似グライ化ポドゾル,典型的な疑似グライ化ポドゾル。,80,6,115,
表層疑似グライ化ポドゾル,土壌表面から50cm以内に「疑似グライ層」の上端が現れるポドゾル。,82,0,115,
岩盤質表層疑似グライ化ポドゾル,土壌表面から60cm以内に岩盤が現れる表層疑似グライ化ポドゾル。,82,2,115,
礫質表層疑似グライ化ポドゾル,土壌表面から60cm以内に礫層が現れる表層疑似グライ化ポドゾル。,82,4,115,
典型表層疑似グライ化ポドゾル,典型的な表層疑似グライ化ポドゾル。,82,6,115,
表層泥炭質ポドゾル,土壌表面から25cm以内に、積算して厚さ10cm以上の「泥炭物質」からなる層をもつポドゾル。,84,0,115,
岩盤質表層泥炭質ポドゾル,土壌表面から60cm以内に岩盤が現れる表層泥炭質ポドゾル。,84,2,115,
礫質表層泥炭質ポドゾル,土壌表面から60cm以内に礫層が現れる表層泥炭質ポドゾル。,84,4,115,
典型表層泥炭質ポドゾル,典型的な表層泥炭質ポドゾル。,84,6,115,
普通ポドゾル,典型的なポドゾル。,86,0,115,
岩盤質普通ポドゾル,土壌表面から60cm以内に岩盤が現れる普通ポドゾル。,86,2,115,
礫質普通ポドゾル,土壌表面から60cm以内に礫層が現れる普通ポドゾル。,86,4,115,
典型普通ポドゾル,典型的な普通ポドゾル。,86,6,115,
未熟黒ボク土,堆積した火山放出物が、ある程度の土壌化作用を受け、リン酸を固定する性質や有機物の集積（全炭素で3％以上）を示しはじめた段階の土壌。,255,163,77,
湿性未熟黒ボク土,土壌表面から50cm以内に、「地下水湿性特徴」を示す層または「地下水グライ層」の上端が現れる未熟黒ボク土。,253,163,77,
下層泥炭湿性未熟黒ボク土,土壌表面から75cm以内に積算して厚さ25cm以上の「泥炭物質」からなる層をもつ湿性未熟黒ボク土。,253,165,77,
下層低地湿性未熟黒ボク土,土壌表面から75cm以内に積算して厚さ25cm以上の「沖積堆積物」からなる層をもつ湿性未熟黒ボク土。,253,167,77,
典型湿性未熟黒ボク土,典型的な湿性未熟黒ボク土。,253,169,77,
腐植質未熟黒ボク土,表層に有機物を多く含む「腐植質表層」または「多腐植質表層」をもつ未熟黒ボク土 。,251,163,77,
盤層型腐植質未熟黒ボク土,土壌表面から60cm以内に盤層が現れる腐植質未熟黒ボク土。,251,165,77,
下層低地腐植質未熟黒ボク土,土壌表面から75cm以内に積算して厚さ25cm以上の「沖積堆積物」からなる層のをもつ腐植質未熟黒ボク土。,251,167,77,
下層黒ボク腐植質未熟黒ボク土,土壌表面から100cm以内に積算で25cm以上の「黒ボク特徴」を示す層をもつ腐植質未熟黒ボク土。,251,169,77,
典型腐植質未熟黒ボク土,典型的な腐植質未熟黒ボク土。,251,171,77,
埋没腐植質未熟黒ボク土,過去に表層であった層で、かつ、有機物が蓄積した「埋没腐植層」の上端が土壌表面から50cm以内に現れる未熟黒ボク土。,249,163,77,
盤層型埋没腐植質未熟黒ボク土,土壌表面から60cm以内に盤層が現れる埋没腐植質未熟黒ボク土。,249,165,77,
典型埋没腐植質未熟黒ボク土,典型的な埋没腐植質未熟黒ボク土。,249,167,77,
普通未熟黒ボク土,典型的な未熟黒ボク土。,247,163,77,
盤層型普通未熟黒ボク土,土壌表面から60cm以内に盤層が現れる普通未熟黒ボク土。,247,165,77,
下層低地普通未熟黒ボク土,土壌表面から75cm以内に積算して厚さ25cm以上の「沖積堆積物」からなる層のをもつ普通未熟黒ボク土。,247,167,77,
下層黒ボク普通未熟黒ボク土,土壌表面から100cm以内に積算で25cm以上の「黒ボク特徴」を示す層をもつ普通未熟黒ボク土。,247,169,77,
典型普通未熟黒ボク土,典型的な普通未熟黒ボク土。,247,171,77,
グライ黒ボク土,地下水位の高い場所にある黒ボク土で、一年を通じて水で飽和されている層が50cm以内に出てくる土壌。,255,160,122,
泥炭質グライ黒ボク土　,土壌表面から100cm以内に積算して厚さ 25cm以上の湿生植物の遺体からなる層をもつグライ黒ボク土。,253,160,122,
多腐植質泥炭質グライ黒ボク土,「多腐植質表層」をもつ泥炭質グライ黒ボク土。,253,158,122,
典型泥炭質グライ黒ボク土,典型的な泥炭質グライ黒ボク土。,253,156,122,
厚層グライ黒ボク土　,表層に有機物を多く含み、かつ、層の厚さが50cmを超える「腐植質表層」または「多腐植質表層」をもつグライ黒ボク土。,251,160,122,
非アロフェン質厚層グライ黒ボク土,土壌表面から50cm以内に積算して厚さ25cm以上の「非アロフェン質黒ボク特徴」を示す層をもつ厚層グライ黒ボク土。,251,158,122,
多腐植質厚層グライ黒ボク土,「多腐植質表層」をもつ厚層グライ黒ボク土。,251,156,122,
腐植質厚層グライ黒ボク土,「腐植質表層」をもつ厚層グライ黒ボク土。,251,154,122,
普通グライ黒ボク土　,典型的なグライ黒ボク土。,249,160,122,
岩盤質普通グライ黒ボク土,土壌表面から60cm以内に岩盤が現れる普通グライ黒ボク土。,249,158,122,
礫質普通グライ黒ボク土,土壌表面から60cm以内に礫層が現れる普通グライ黒ボク土。,249,156,122,
多腐植質普通グライ黒ボク土,「多腐植質表層」をもつ普通グライ黒ボク土。,249,154,122,
典型普通グライ黒ボク土,典型的な普通グライ黒ボク土。,249,152,122,
多湿黒ボク土,地下水の影響で湿っている黒ボク土。,205,78,55,
下層台地多湿黒ボク土　,土壌表面から50cm以内に黒ボク土とは異なる台地土壌の上端が現れる多湿黒ボク土。,207,78,55,
多腐植質下層台地多湿黒ボク土,「多腐植質表層」をもつ下層台地多湿黒ボク土。,207,80,55,
典型下層台地多湿黒ボク土,典型的な下層台地多湿黒ボク土。,207,82,55,
下層低地多湿黒ボク土　,土壌表面から75cm以内に積算して25cm以上の河川氾濫堆積物（沖積堆積物）からなる層をもつ多湿黒ボク土。,209,78,55,
礫質下層低地多湿黒ボク土,土壌表面から60cm以内に礫層または岩盤が現れる下層低地多湿黒ボク土。,209,80,55,
多腐植質下層低地多湿黒ボク土,「多腐植質表層」をもつ下層低地多湿黒ボク土。,209,82,55,
典型下層低地多湿黒ボク土,典型的な下層低地多湿黒ボク土。,209,84,55,
泥炭質多湿黒ボク土　,土壌表面から100cm以内に積算して厚さ 25cm以上の湿生植物の遺体からなる層をもつ多湿黒ボク土。,211,78,55,
多腐植質泥炭質多湿黒ボク土,「多腐植質表層」をもつ泥炭質多湿黒ボク土。,211,80,55,
典型泥炭質多湿黒ボク土,典型的な泥炭質多湿黒ボク土。,211,82,55,
厚層多湿黒ボク土　,表層に有機物を多く含み、かつ、層の厚さが50cmを超える「腐植質表層」または「多腐植質表層」をもつ多湿黒ボク土。,213,78,55,
岩盤質厚層多湿黒ボク土,土壌表面から60cm以内に岩盤が現れる厚層多湿黒ボク土。,213,80,55,
礫質厚層多湿黒ボク土,土壌表面から60cm以内に礫層が現れる厚層多湿黒ボク土。,213,82,55,
非アロフェン質厚層多湿黒ボク土,土壌表面から50cm以内に積算して厚さ25cm以上の「非アロフェン質黒ボク特徴」を示す層をもつ厚層多湿黒ボク土。,213,84,55,
多腐植質厚層多湿黒ボク土,「多腐植質表層」をもつ厚層多湿黒ボク土。,213,86,55,
腐植質厚層多湿黒ボク土,「腐植質表層」をもつ厚層多湿黒ボク土。,213,88,55,
普通多湿黒ボク土　,典型的な多湿黒ボク土。,215,78,55,
岩盤質普通多湿黒ボク土,土壌表面から60cm以内に岩盤が現れる普通多湿黒ボク土。,215,80,55,
礫質普通多湿黒ボク土,土壌表面から60cm以内に礫層が現れる普通多湿黒ボク土。,215,82,55,
多腐植質普通多湿黒ボク土,「多腐植質表層」をもつ普通多湿黒ボク土。,215,84,55,
非アロフェン質普通多湿黒ボク土,土壌表面から50cm以内に積算して厚さ25cm以上の「非アロフェン質黒ボク特徴」を示す層をもつ普通多湿黒ボク土。,215,86,55,
典型普通多湿黒ボク土,典型的な普通多湿黒ボク土。,215,88,55,
褐色黒ボク土,森林下に出来る黒ボク土で、有機物含量は高いが、黒色味が弱く褐色の表層を持つ。,206,135,64,
厚層褐色黒ボク土,表層60cm以内に50cm以上の褐色で有機物含量が高い「褐色多腐植質黒ボク表層」をもつ褐色黒ボク土。,208,135,64,
岩盤質厚層褐色黒ボク土,土壌表面から60cm以内に岩盤が現れる厚層褐色黒ボク土。,208,137,64,
礫質厚層褐色黒ボク土,土壌表面から60cm以内に礫層が現れる厚層褐色黒ボク土。,208,139,64,
非アロフェン質厚層褐色黒ボク土,土壌表面から50cm以内に積算して厚さ25cm以上の「非アロフェン質黒ボク特徴」を示す層をもつ厚層褐色黒ボク土。,208,141,64,
典型厚層褐色黒ボク土,典型的な厚層褐色黒ボク土。,208,143,64,
埋没腐植質褐色黒ボク土,過去に表層であった層で、かつ、有機物が蓄積した「埋没腐植層」の上端が土壌表面から50cm以内に現れる褐色黒ボク土。,210,135,64,
岩盤質埋没腐植質褐色黒ボク土,土壌表面から60cm以内に岩盤が現れる埋没腐植質褐色黒ボク土。,210,137,64,
礫質埋没腐植質褐色黒ボク土,土壌表面から60cm以内に礫層が現れる埋没腐植質褐色黒ボク土。,210,139,64,
非アロフェン質埋没腐植質褐色黒ボク土,土壌表面から50cm以内に積算して厚さ25cm以上の「非アロフェン質黒ボク特徴」を示す層をもつ埋没腐植質褐色黒ボク土。,210,141,64,
典型埋没腐植質褐色黒ボク土,典型的な埋没腐植質褐色黒ボク土。,210,143,64,
普通褐色黒ボク土,典型的な褐色黒ボク土。,212,135,64,
岩盤質普通褐色黒ボク土,土壌表面から60cm以内に岩盤が現れる普通褐色黒ボク土。,212,137,64,
礫質普通褐色黒ボク土,土壌表面から60cm以内に礫層が現れる普通褐色黒ボク土。,212,139,64,
非アロフェン質普通褐色黒ボク土,土壌表面から50cm以内に積算して厚さ25cm以上の「非アロフェン質黒ボク特徴」を示す層をもつ普通褐色黒ボク土。,212,141,64,
典型普通褐色黒ボク土,典型的な普通褐色黒ボク土。,212,143,64,
非アロフェン質黒ボク土,結晶性粘土を含む黒ボク土。,137,90,68,
水田化非アロフェン質黒ボク土,水田利用による湛水期間中に代かき層から還元溶脱した鉄が下部の酸化的な層で酸化沈殿して形成された「水田鉄集積層」をもつ非アロフェン質黒ボク土。,139,90,68,
岩盤質水田化非アロフェン質黒ボク土,土壌表面から60cm以内に岩盤が現れる水田化非アロフェン質黒ボク土。,139,92,68,
礫質水田化非アロフェン質黒ボク土,土壌表面から60cm以内に礫層が現れる水田化非アロフェン質黒ボク土。,139,94,68,
下層低地水田化非アロフェン質黒ボク土,土壌表面から75cm以内に積算して厚さ25cm以上の「沖積堆積物」からなる層をもつ水田化非アロフェン質黒ボク土。,139,96,68,
厚層水田化非アロフェン質黒ボク土,厚さ50cm以上の「腐植質表層」または「多腐植質表層」をもつ水田化非アロフェン質黒ボク土。,139,98,68,
典型水田化非アロフェン質黒ボク土,典型的な水田化非アロフェン質黒ボク土。,139,100,68,
厚層非アロフェン質黒ボク土,表層に有機物を多く含み、かつ、層の厚さが50cmを超える「腐植質表層」または「多腐植質表層」をもつ非アロフェン質黒ボク土。,141,90,68,
多腐植質厚層非アロフェン質黒ボク土,「多腐植質表層」をもつ厚層非アロフェン質黒ボク土。,141,92,68,
腐植質厚層非アロフェン質黒ボク土,「腐植質表層」をもつ厚層非アロフェン質黒ボク土。,141,94,68,
埋没腐植質非アロフェン質黒ボク土,過去に表層であった層で、かつ、有機物が蓄積した「埋没腐植層」の上端が土壌表面から50cm以内に現れる非アロフェン質黒ボク土。,143,90,68,
岩盤質埋没腐植質非アロフェン質黒ボク土,土壌表面から60cm以内に岩盤が現れる埋没腐植質非アロフェン質黒ボク土。,143,92,68,
礫質埋没腐植質非アロフェン質黒ボク土,土壌表面から60cm以内に礫層が現れる埋没腐植質非アロフェン質黒ボク土。,143,94,68,
典型埋没腐植質非アロフェン質黒ボク土,典型的な埋没腐植質非アロフェン質黒ボク土。,143,96,68,
普通非アロフェン質黒ボク土,典型的な非アロフェン質黒ボク土。,145,90,68,
岩盤質普通非アロフェン質黒ボク土,土壌表面から60cm以内に岩盤が現れる普通非アロフェン質黒ボク土。,145,92,68,
礫質普通非アロフェン質黒ボク土,土壌表面から60cm以内に礫層が現れる普通非アロフェン質黒ボク土。,145,94,68,
下層低地普通非アロフェン質黒ボク土,土壌表面から75cm以内に積算して厚さ25cm以上の「沖積堆積物」からなる層をもつ普通非アロフェン質黒ボク土。,145,96,68,
淡色普通非アロフェン質黒ボク土,「腐植質表層」または「多腐植質表層」をもたない普通非アロフェン質黒ボク土。,145,98,68,
多腐植質普通非アロフェン質黒ボク土,「多腐植質表層」をもつ普通非アロフェン質黒ボク土。,145,100,68,
腐植質普通非アロフェン質黒ボク土,「腐植質表層」をもつ普通非アロフェン質黒ボク土。,145,102,68,
アロフェン質黒ボク土,非晶質粘土鉱物（アロフェン）主体の黒ボク土。,138,69,0,
水田化アロフェン質黒ボク土,水田利用による湛水期間中に代かき層から還元溶脱した鉄が下部の酸化的な層で酸化沈殿して形成された「水田鉄集積層」をもつアロフェン質黒ボク土。,136,69,0,
岩盤質水田化アロフェン質黒ボク土,土壌表面から60cm以内に岩盤が現れる水田化アロフェン質黒ボク土。,136,71,0,
礫質水田化アロフェン質黒ボク土,土壌表面から60cm以内に礫層が現れる水田化アロフェン質黒ボク土。,136,73,0,
下層低地水田化アロフェン質黒ボク土,土壌表面から75cm以内に積算して厚さ25cm以上の「沖積堆積物」からなる層をもつ水田化アロフェン質黒ボク土。,136,75,0,
淡色水田化アロフェン質黒ボク土,「腐植質表層」または「多腐植質表層」をもたない水田化アロフェン質黒ボク土。,136,77,0,
厚層水田化アロフェン質黒ボク土,厚さ50cm以上の「腐植質表層」または「多腐植質表層」をもつ水田化アロフェン質黒ボク土。,136,79,0,
多腐植質水田化アロフェン質黒ボク土,「多腐植質表層」をもつ水田化アロフェン質黒ボク土。,136,81,0,
腐植質水田化アロフェン質黒ボク土,「腐植質表層」をもつ水田化アロフェン質黒ボク土。,136,83,0,
下層台地アロフェン質黒ボク土,土壌表面から50cm以内に黒ボク土とは異なる台地土壌の上端が現れるアロフェン質黒ボク土。,134,69,0,
岩盤質下層台地アロフェン質黒ボク土,土壌表面から60cm以内に岩盤が現れる下層台地アロフェン質黒ボク土。,134,71,0,
礫質下層台地アロフェン質黒ボク土,土壌表面から60cm以内に礫層が現れる下層台地アロフェン質黒ボク土。,134,73,0,
淡色下層台地アロフェン質黒ボク土,「腐植質表層」または「多腐植質表層」をもたない下層台地アロフェン質黒ボク土。,134,75,0,
多腐植質下層台地アロフェン質黒ボク土,「多腐植質表層」をもつ下層台地アロフェン質黒ボク土。,134,77,0,
腐植質下層台地アロフェン質黒ボク土,「腐植質表層」をもつ下層台地アロフェン質黒ボク土。,134,79,0,
下層低地アロフェン質黒ボク土,土壌表面から75cm以内に積算して25cm以上の河川氾濫堆積物（沖積堆積物）からなる層をもつアロフェン質黒ボク土。,132,69,0,
礫質下層低地アロフェン質黒ボク土,土壌表面から60cm以内に礫層または岩盤が現れる下層低地アロフェン質黒ボク土。,132,71,0,
淡色下層低地アロフェン質黒ボク土,「腐植質表層」または「多腐植質表層」をもたない下層低地アロフェン質黒ボク土。,132,73,0,
多腐植質下層低地アロフェン質黒ボク土,「多腐植質表層」をもつ下層低地アロフェン質黒ボク土。,132,75,0,
腐植質下層低地アロフェン質黒ボク土,「腐植質表層」をもつ下層低地アロフェン質黒ボク土。,132,77,0,
厚層アロフェン質黒ボク土,表層に有機物を多く含み、かつ、層の厚さが50cmを超える「腐植質表層」または「多腐植質表層」をもつアロフェン質黒ボク土 。,130,69,0,
岩盤質厚層アロフェン質黒ボク土,土壌表面から60cm以内に岩盤が現れる厚層アロフェン質黒ボク土。,130,71,0,
礫質厚層アロフェン質黒ボク土,土壌表面から60cm以内に礫層が現れる厚層アロフェン質黒ボク土。,130,73,0,
盤層型厚層アロフェン質黒ボク土,土壌表面から60cm以内に盤層が現れる厚層アロフェン質黒ボク土。,130,75,0,
多腐植質厚層アロフェン質黒ボク土,「多腐植質表層」をもつ厚層アロフェン質黒ボク土。,130,77,0,
腐植質厚層アロフェン質黒ボク土,「腐植質表層」をもつ厚層アロフェン質黒ボク土。,130,79,0,
淡色アロフェン質黒ボク土,表層の有機物含量は低く、土色は淡いアロフェン質黒ボク土。,128,69,0,
岩盤質淡色アロフェン質黒ボク土,土壌表面から60cm以内に岩盤が現れる淡色アロフェン質黒ボク土。,128,71,0,
礫質淡色アロフェン質黒ボク土,土壌表面から60cm以内に礫層が現れる淡色アロフェン質黒ボク土。,128,73,0,
盤層型淡色アロフェン質黒ボク土,土壌表面から60cm以内に盤層が現れる淡色アロフェン質黒ボク土。,128,75,0,
埋没腐植質淡色アロフェン質黒ボク土,土壌表面から50cm以内に「埋没腐植層」の上端が現れる淡色アロフェン質黒ボク土。,128,77,0,
典型淡色アロフェン質黒ボク土,典型的な淡色アロフェン質黒ボク土。,128,79,0,
埋没腐植質アロフェン質黒ボク土,過去に表層であった層で、かつ、有機物が蓄積した「埋没腐植層」の上端が土壌表面から50cm以内に現れるアロフェン質黒ボク土。,126,69,0,
岩盤質埋没腐植質アロフェン質黒ボク土,土壌表面から60cm以内に岩盤が現れる埋没腐植質アロフェン質黒ボク土。,126,71,0,
礫質埋没腐植質アロフェン質黒ボク土,土壌表面から60cm以内に礫層が現れる埋没腐植質アロフェン質黒ボク土。,126,73,0,
盤層型埋没腐植質アロフェン質黒ボク土,土壌表面から60cm以内に盤層が現れる埋没腐植質アロフェン質黒ボク土。,126,75,0,
典型埋没腐植質アロフェン質黒ボク土,典型的な埋没腐植質アロフェン質黒ボク土。,126,77,0,
普通アロフェン質黒ボク土,典型的なアロフェン質黒ボク土。,124,69,0,
岩盤質普通アロフェン質黒ボク土,土壌表面から60cm以内に岩盤が現れる普通アロフェン質黒ボク土。,124,71,0,
礫質普通アロフェン質黒ボク土,土壌表面から60cm以内に礫層が現れる普通アロフェン質黒ボク土。,124,73,0,
盤層型普通アロフェン質黒ボク土,土壌表面から60cm以内に盤層が現れる普通アロフェン質黒ボク土。,124,75,0,
多腐植質普通アロフェン質黒ボク土,「多腐植質表層」をもつ普通アロフェン質黒ボク土。,124,77,0,
腐植質普通アロフェン質黒ボク土,「腐植質表層」をもつ普通アロフェン質黒ボク土。,124,79,0,
石灰性暗赤色土,石灰岩など石灰質の母材から出来た土壌。,115,0,76,
粘土集積石灰性暗赤色土,「粘土集積層」をもつ石灰性暗赤色土。,117,0,76,
岩盤質粘土集積石灰性暗赤色土,土壌表面から60cm以内に岩盤が現れる粘土集積石灰性暗赤色土。,117,2,76,
礫質粘土集積石灰性暗赤色土,土壌表面から60cm以内に礫層が現れる粘土集積石灰性暗赤色土。,117,4,76,
典型粘土集積石灰性暗赤色土,典型的な粘土集積石灰性暗赤色土。,117,6,76,
普通石灰性暗赤色土,典型的な石灰性暗赤色土。,119,0,76,
岩盤質普通石灰性暗赤色土,土壌表面から60cm以内に岩盤が現れる普通石灰性暗赤色土。,119,2,76,
礫質普通石灰性暗赤色土,土壌表面から60cm以内に礫層が現れる普通石灰性暗赤色土。,119,4,76,
典型普通石灰性暗赤色土,典型的な普通石灰性暗赤色土。,119,6,76,
酸性暗赤色土,暗赤色の次表層の一部で酸性（pHが5.5未満）を示す土壌。,168,0,132,
粘土集積酸性暗赤色土,「粘土集積層」をもつ酸性暗赤色土。,170,0,132,
岩盤質粘土集積酸性暗赤色土,土壌表面から60cm以内に岩盤が現れる粘土集積酸性暗赤色土。,170,2,132,
礫質粘土集積酸性暗赤色土,土壌表面から60cm以内に礫層が現れる粘土集積酸性暗赤色土。,170,4,132,
典型粘土集積酸性暗赤色土,典型的な粘土集積酸性暗赤色土。,170,6,132,
普通酸性暗赤色土,典型的な酸性暗赤色土。,172,0,132,
岩盤質普通酸性暗赤色土,土壌表面から60cm以内に岩盤が現れる普通酸性暗赤色土。,172,2,132,
礫質普通酸性暗赤色土,土壌表面から60cm以内に礫層が現れる普通酸性暗赤色土。,172,4,132,
典型普通酸性暗赤色土,典型的な普通酸性暗赤色土。,172,6,132,
塩基性暗赤色土,主に超塩基性岩（かんらん岩、蛇紋岩）を母材とし、pHが高い土壌。,230,0,169,
粘土集積塩基性暗赤色土,「粘土集積層」をもつ塩基性暗赤色土。,232,0,169,
岩盤質粘土集積塩基性暗赤色土,土壌表面から60cm以内に岩盤が現れる粘土集積塩基性暗赤色土。,232,2,169,
礫質粘土集積塩基性暗赤色土,土壌表面から60cm以内に礫層が現れる粘土集積塩基性暗赤色土。,232,4,169,
典型粘土集積塩基性暗赤色土,典型的な粘土集積塩基性暗赤色土。,232,6,169,
普通塩基性暗赤色土,典型的な塩基性暗赤色土。,234,0,169,
岩盤質普通塩基性暗赤色土,土壌表面から60cm以内に岩盤が現れる普通塩基性暗赤色土。,234,2,169,
礫質普通塩基性暗赤色土,土壌表面から60cm以内に礫層が現れる普通塩基性暗赤色土。,234,4,169,
典型普通塩基性暗赤色土,典型的な普通塩基性暗赤色土。,234,6,169,
低地水田土,元々地下水の影響が無いか弱いところに水田を作ったため、鉄集積層が出来たり、灰色化した特徴的な断面をもつようになった低地の土壌。,0,112,255,
湿性低地水田土,土壌表面から75cm以内にグライ層よりも酸化的な「地下水湿性特徴」が現れる低地水田土。,2,112,255,
礫質湿性低地水田土,土壌表面から60cm以内に礫層または岩盤が現れる湿性低地水田土。,2,114,255,
細粒質湿性低地水田土,次表層の土性が重埴土、シルト質埴土、軽埴土、砂質埴土、シルト質埴壌土、埴壌土、砂質埴壌土である湿性低地水田土。,2,116,255,
中粒質湿性低地水田土,次表層の土性がシルト質壌土、壌土、細砂壌土である湿性低地水田土。,2,118,255,
粗粒質湿性低地水田土,次表層の土性が粗砂壌土、壌質砂土、砂土である湿性低地水田土。,2,120,255,
表層グライ化低地水田土,水稲耕作下で灌漑水によって生成し、落水後も維持され作土から下方へ発達しているグライ層がある低地水田土。,4,112,255,
礫質表層グライ化低地水田土,土壌表面から60cm以内に礫層または岩盤が現れる表層グライ化低地水田土。,4,114,255,
細粒質表層グライ化低地水田土,次表層の土性が重埴土、シルト質埴土、軽埴土、砂質埴土、シルト質埴壌土、埴壌土、砂質埴壌土である表層グライ化低地水田土。,4,116,255,
中粗粒質表層グライ化低地水田土,次表層の土性が粗砂壌土、壌質砂土、砂土、シルト質壌土、壌土、細砂壌土である表層グライ化低地水田土。,4,118,255,
下層褐色低地水田土,土壌表面から75cm以内に厚さ15cm以上の黄褐色の層（乾いた条件下で生成）の上端が現れる低地水田土。,6,112,255,
礫質下層褐色低地水田土,土壌表面から60cm以内に礫層または岩盤が現れる下層褐色低地水田土。,6,114,255,
細粒質下層褐色低地水田土,次表層の土性が重埴土、シルト質埴土、軽埴土、砂質埴土、シルト質埴壌土、埴壌土、砂質埴壌土である下層褐色低地水田土。,6,116,255,
中粒質下層褐色低地水田土,次表層の土性がシルト質壌土、壌土、細砂壌土である下層褐色低地水田土。,6,118,255,
粗粒質下層褐色低地水田土,次表層の土性が粗砂壌土、壌質砂土、砂土である下層褐色低地水田土。,6,120,255,
漂白化低地水田土,水田の作土層のうち、粘土、鉄の移動により漂白化を受けた低地水田土。,8,112,255,
礫質漂白化低地水田土,土壌表面から60cm以内に礫層または岩盤が現れる漂白化低地水田土。,8,114,255,
典型漂白化低地水田土,典型的な漂白化低地水田土。,8,116,255,
普通低地水田土,典型的な低地水田土。,10,112,255,
礫質普通低地水田土,土壌表面から60cm以内に礫層または岩盤が現れる普通低地水田土。,10,114,255,
細粒質普通低地水田土,次表層の土性が重埴土、シルト質埴土、軽埴土、砂質埴土、シルト質埴壌土、埴壌土、砂質埴壌土である普通低地水田土。,10,116,255,
中粒質普通低地水田土,次表層の土性がシルト質壌土、壌土、細砂壌土である普通低地水田土。,10,118,255,
粗粒質普通低地水田土,次表層の土性が粗砂壌土、壌質砂土、砂土である普通低地水田土。,10,120,255,
グライ低地土,低地土大群の中で、最も地下水位が高く、年間を通じてほとんど水に飽和されたグライ層が50cm以内に出てくる土壌。,3,15,255,
還元型グライ低地土,土壌表面から25cm以深のグライ層に「含む」以上の斑鉄がないグライ低地土。,5,15,255,
礫質還元型グライ低地土,土壌表面から60cm以内に礫層または岩盤が現れる還元型グライ低地土。,5,17,255,
細粒質還元型グライ低地土,次表層の土性が重埴土、シルト質埴土、軽埴土、砂質埴土、シルト質埴壌土、埴壌土、砂質埴壌土である還元型グライ低地土。,5,19,255,
中粒質還元型グライ低地土,次表層の土性がシルト質壌土、壌土、細砂壌土である還元型グライ低地土。,5,21,255,
粗粒質還元型グライ低地土,次表層の土性が粗砂壌土、壌質砂土、砂土である還元型グライ低地土。,5,23,255,
斑鉄型グライ低地土,土壌表面から25cm以深のグライ層に「含む」以上の斑鉄があるグライ低地土。還元型グライ低地土よりもやや酸化的である。,7,15,255,
礫質斑鉄型グライ低地土,土壌表面から60cm以内に礫層または岩盤が現れる斑鉄型グライ低地土。,7,17,255,
細粒質斑鉄型グライ低地土,次表層の土性が重埴土、シルト質埴土、軽埴土、砂質埴土、シルト質埴壌土、埴壌土、砂質埴壌土である斑鉄型グライ低地土。,7,19,255,
中粒質斑鉄型グライ低地土,次表層の土性がシルト質壌土、壌土、細砂壌土である斑鉄型グライ低地土。,7,21,255,
粗粒質斑鉄型グライ低地土,次表層の土性が粗砂壌土、壌質砂土、砂土である斑鉄型グライ低地土。,7,23,255,
表層灰色グライ低地土,土壌表面から25-50cmの間にグライ層よりも酸化的な「地下水湿性特徴」が現れるグライ低地土。,9,15,255,
礫質表層灰色グライ低地土,土壌表面から60cm以内に礫層または岩盤が現れる表層灰色グライ低地土。,9,17,255,
細粒質表層灰色グライ低地土,次表層の土性が重埴土、シルト質埴土、軽埴土、砂質埴土、シルト質埴壌土、埴壌土、砂質埴壌土である表層灰色グライ低地土。,9,19,255,
中粒質表層灰色グライ低地土,次表層の土性がシルト質壌土、壌土、細砂壌土である表層灰色グライ低地土。,9,21,255,
粗粒質表層灰色グライ低地土,次表層の土性が粗砂壌土、壌質砂土、砂土である表層灰色グライ低地土。,9,23,255,
泥炭質グライ低地土,表層100cm以内に積算して25cm以上の「泥炭物質」からなる層があるグライ低地土。 ,11,15,255,
細粒質泥炭質グライ低地土,次表層の土性が重埴土、シルト質埴土、軽埴土、砂質埴土、シルト質埴壌土、埴壌土、砂質埴壌土である泥炭質グライ低地土。,11,17,255,
中粒質泥炭質グライ低地土,次表層の土性がシルト質壌土、壌土、細砂壌土である泥炭質グライ低地土。,11,19,255,
粗粒質泥炭質グライ低地土,次表層の土性が粗砂壌土、壌質砂土、砂土である泥炭質グライ低地土。,11,21,255,
腐植質グライ低地土,表層に有機物を多く含む「腐植質表層」または「多腐植質表層」をもつ グライ低地土。,13,15,255,
礫質腐植質グライ低地土,土壌表面から60cm以内に礫層または岩盤が現れる腐植質グライ低地土。,13,17,255,
細粒質腐植質グライ低地土,次表層の土性が重埴土、シルト質埴土、軽埴土、砂質埴土、シルト質埴壌土、埴壌土、砂質埴壌土である腐植質グライ低地土。,13,19,255,
中粗粒質腐植質グライ低地土,次表層の土性が粗砂壌土、壌質砂土、砂土、シルト質壌土、壌土、細砂壌土である腐植質グライ低地土。,13,21,255,
硫酸酸性質グライ低地土,硫化物を含む湖沼成・海成堆積物からなり、強い酸性を示すグライ低地土。,15,15,255,
細粒質硫酸酸性質グライ低地土,次表層の土性が重埴土、シルト質埴土、軽埴土、砂質埴土、シルト質埴壌土、埴壌土、砂質埴壌土である硫酸酸性質グライ低地土。,15,17,255,
典型硫酸酸性質グライ低地土,典型的な硫酸酸性質グライ低地土。,15,19,255,
灰色低地土,中間的な湿性状態の沖積地の土壌。,0,3,168,
表層グライ化灰色低地土,水稲耕作下で灌漑水によって生成し、落水後も維持され作土から下方へ発達しているグライ層をもつ灰色低地土。,2,3,168,
礫質表層グライ化灰色低地土,土壌表面から60cm以内に礫層または岩盤が現れる表層グライ化灰色低地土。,2,5,168,
細粒質表層グライ化灰色低地土,次表層の土性が重埴土、シルト質埴土、軽埴土、砂質埴土、シルト質埴壌土、埴壌土、砂質埴壌土である表層グライ化灰色低地土。,2,7,168,
中粗粒質表層グライ化灰色低地土,次表層の土性が粗砂壌土、壌質砂土、砂土、シルト質壌土、壌土、細砂壌土である表層グライ化灰色低地土。,2,9,168,
グライ化灰色低地土,土壌表面から50-75cmに地下水によって生成するグライ層の上端が現れる灰色低地土。,4,3,168,
礫質グライ化灰色低地土,土壌表面から60cm以内に礫層または岩盤が現れるグライ化灰色低地土。,4,5,168,
細粒質グライ化灰色低地土,次表層の土性が重埴土、シルト質埴土、軽埴土、砂質埴土、シルト質埴壌土、埴壌土、砂質埴壌土であるグライ化灰色低地土。,4,7,168,
中粒質グライ化灰色低地土,次表層の土性が粗砂壌土、壌質砂土、砂土であるグライ化灰色低地土。,4,9,168,
粗粒質グライ化灰色低地土,次表層の土性がシルト質壌土、壌土、細砂壌土であるグライ化灰色低地土。,4,11,168,
下層黒ボク灰色低地土,土壌表面から100cm以内に積算して厚さ25cm以上の「黒ボク特徴」を示す層をもつ灰色低地土。,6,3,168,
細粒質下層黒ボク灰色低地土,次表層の土性が重埴土、シルト質埴土、軽埴土、砂質埴土、シルト質埴壌土、埴壌土、砂質埴壌土である下層黒ボク灰色低地土。,6,5,168,
典型下層黒ボク灰色低地土,典型的な下層黒ボク灰色低地土。,6,7,168,
泥炭質灰色低地土,表層100cm以内に積算して25cm以上の「泥炭物質」からなる層がある灰色低地土。,8,3,168,
礫質泥炭質灰色低地土,土壌表面から60cm以内に礫層または岩盤が現れる泥炭質灰色低地土。,8,5,168,
細粒質泥炭質灰色低地土,次表層の土性が重埴土、シルト質埴土、軽埴土、砂質埴土、シルト質埴壌土、埴壌土、砂質埴壌土である泥炭質灰色低地土。,8,7,168,
中粗粒質泥炭質灰色低地土,次表層の土性が粗砂壌土、壌質砂土、砂土、シルト質壌土、壌土、細砂壌土である泥炭質灰色低地土。,8,9,168,
腐植質灰色低地土,表層に有機物を多く含む「腐植質表層」または「多腐植質表層」をもつ 灰色低地土。,10,3,168,
礫質腐植質灰色低地土,土壌表面から60cm以内に礫層または岩盤が現れる腐植質灰色低地土。,10,5,168,
細粒質腐植質灰色低地土,次表層の土性が重埴土、シルト質埴土、軽埴土、砂質埴土、シルト質埴壌土、埴壌土、砂質埴壌土である腐植質灰色低地土。,10,7,168,
中粗粒質腐植質灰色低地土,次表層の土性が粗砂壌土、壌質砂土、砂土、シルト質壌土、壌土、細砂壌土である腐植質灰色低地土。,10,9,168,
硫酸酸性質灰色低地土,硫化物を含む湖沼成・海成堆積物からなり、強い酸性を示す灰色低地土。,12,3,168,
細粒質硫酸酸性質灰色低地土,次表層の土性が重埴土、シルト質埴土、軽埴土、砂質埴土、シルト質埴壌土、埴壌土、砂質埴壌土である硫酸酸性質灰色低地土。,12,5,168,
典型硫酸酸性質灰色低地土,典型的な硫酸酸性質灰色低地土。,12,7,168,
普通灰色低地土,典型的な灰色低地土。,14,3,168,
礫質普通灰色低地土,土壌表面から60cm以内に礫層または岩盤が現れる普通灰色低地土。,14,5,168,
細粒質普通灰色低地土,次表層の土性が重埴土、シルト質埴土、軽埴土、砂質埴土、シルト質埴壌土、埴壌土、砂質埴壌土である普通灰色低地土。,14,7,168,
中粒質普通灰色低地土,次表層の土性がシルト質壌土、壌土、細砂壌土である普通灰色低地土。,14,9,168,
粗粒質普通灰色低地土,次表層の土性が粗砂壌土、壌質砂土、砂土である普通灰色低地土。,14,11,168,
褐色低地土,沖積低地の中では最も乾いた土地にある、黄褐色の次表層を持つ土壌。,0,132,168,
湿性褐色低地土,土壌表面から75cm以内にグライ層よりも酸化的な「地下水湿性特徴」が現れる褐色低地土。,2,132,168,
礫質湿性褐色低地土,土壌表面から60cm以内に礫層または岩盤が現れる湿性褐色低地土。,2,134,168,
細粒質湿性褐色低地土,次表層の土性が重埴土、シルト質埴土、軽埴土、砂質埴土、シルト質埴壌土、埴壌土、砂質埴壌土である湿性褐色低地土。,2,136,168,
中粒質湿性褐色低地土,次表層の土性がシルト質壌土、壌土、細砂壌土である湿性褐色低地土。,2,138,168,
粗粒質湿性褐色低地土,次表層の土性が粗砂壌土、壌質砂土、砂土である湿性褐色低地土。,2,140,168,
水田化褐色低地土,作土下方まで灰色化し斑鉄をもつ褐色低地土。,4,132,168,
礫質水田化褐色低地土,土壌表面から60cm以内に礫層または岩盤が現れる水田化褐色低地土。,4,134,168,
細粒質水田化褐色低地土,次表層の土性が重埴土、シルト質埴土、軽埴土、砂質埴土、シルト質埴壌土、埴壌土、砂質埴壌土である水田化褐色低地土。,4,136,168,
中粒質水田化褐色低地土,次表層の土性がシルト質壌土、壌土、細砂壌土である水田化褐色低地土。,4,138,168,
粗粒質水田化褐色低地土,次表層の土性が粗砂壌土、壌質砂土、砂土である水田化褐色低地土。,4,140,168,
腐植質褐色低地土,表層に有機物を多く含む「腐植質表層」または「多腐植質表層」をもつ 褐色低地土。,6,132,168,
礫質腐植質褐色低地土,土壌表面から60cm以内に礫層または岩盤が現れる腐植質褐色低地土。,6,134,168,
細粒質腐植質褐色低地土,次表層の土性が重埴土、シルト質埴土、軽埴土、砂質埴土、シルト質埴壌土、埴壌土、砂質埴壌土である腐植質褐色低地土。,6,136,168,
中粒質腐植質褐色低地土,次表層の土性がシルト質壌土、壌土、細砂壌土である腐植質褐色低地土。,6,138,168,
粗粒質腐植質褐色低地土,次表層の土性が粗砂壌土、壌質砂土、砂土である腐植質褐色低地土。,6,140,168,
普通褐色低地土,典型的な褐色低地土。,8,132,168,
礫質普通褐色低地土,土壌表面から60cm以内に礫層または岩盤が現れる普通褐色低地土。,8,134,168,
細粒質普通褐色低地土,次表層の土性が重埴土、シルト質埴土、軽埴土、砂質埴土、シルト質埴壌土、埴壌土、砂質埴壌土である普通褐色低地土。,8,136,168,
中粒質普通褐色低地土,次表層の土性がシルト質壌土、壌土、細砂壌土である普通褐色低地土。,8,138,168,
粗粒質普通褐色低地土,次表層の土性が粗砂壌土、壌質砂土、砂土である普通褐色低地土。,8,140,168,
未熟低地土,未風化の土砂が堆積したままの土壌。,0,169,230,
湿性未熟低地土,土壌表面から75cm以内にグライ層よりも酸化的な「地下水湿性特徴」が現れる未熟低地土。,2,169,230,
礫質湿性未熟低地土,土壌表面から60cm以内に礫層または岩盤が現れる湿性未熟低地土。,2,171,230,
典型湿性未熟低地土,典型的な湿性未熟低地土。,2,173,230,
普通未熟低地土,典型的な未熟低地土。,4,169,230,
礫質普通未熟低地土,土壌表面から60cm以内に礫層または岩盤が現れる普通未熟低地土。,4,171,230,
典型普通未熟低地土,典型的な普通未熟低地土。,4,173,230,
粘土集積赤黄色土,「粘土集積層」をもつ赤黄色土。,255,0,0,
湿性粘土集積赤黄色土,土壌表面から50-75cmに「地下水湿性特徴」を示す層の上端が現れる粘土集積赤黄色土。,253,0,0,
岩盤質湿性粘土集積赤黄色土,土壌表面から60cm以内に岩盤が現れる湿性粘土集積赤黄色土。,253,2,0,
礫質湿性粘土集積赤黄色土,土壌表面から60cm以内に礫層が現れる湿性粘土集積赤黄色土。,253,4,0,
細粒質湿性粘土集積赤黄色土,次表層の土性が重埴土、シルト質埴土、軽埴土、砂質埴土、シルト質埴壌土、埴壌土、砂質埴壌土である湿性粘土集積赤黄色土。,253,6,0,
中粗粒質湿性粘土集積赤黄色土,次表層の土性が粗砂壌土、壌質砂土、砂土、シルト質壌土、壌土、細砂壌土である湿性粘土集積赤黄色土。,253,8,0,
疑似グライ化粘土集積赤黄色土,土壌表面から75cm以内に「疑似グライ層」の上端が現れる粘土集積赤黄色土。,251,0,0,
岩盤質疑似グライ化粘土集積赤黄色土,土壌表面から60cm以内に岩盤が現れる疑似グライ化粘土集積赤黄色土。,251,2,0,
礫質疑似グライ化粘土集積赤黄色土,土壌表面から60cm以内に礫層が現れる疑似グライ化粘土集積赤黄色土。,251,4,0,
細粒質疑似グライ化粘土集積赤黄色土,次表層の土性が重埴土、シルト質埴土、軽埴土、砂質埴土、シルト質埴壌土、埴壌土、砂質埴壌土である疑似グライ化粘土集積赤黄色土。,251,6,0,
中粗粒質疑似グライ化粘土集積赤黄色土,次表層の土性が粗砂壌土、壌質砂土、砂土、シルト質壌土、壌土、細砂壌土である疑似グライ化粘土集積赤黄色土。,251,8,0,
水田化粘土集積赤黄色土,「水田鉄集積層」をもつ粘土集積赤黄色土。,249,0,0,
岩盤質水田化粘土集積赤黄色土,土壌表面から60cm以内に岩盤が現れる水田化粘土集積赤黄色土。,249,2,0,
礫質水田化粘土集積赤黄色土,土壌表面から60cm以内に礫層が現れる水田化粘土集積赤黄色土。,249,4,0,
細粒質水田化粘土集積赤黄色土,次表層の土性が重埴土、シルト質埴土、軽埴土、砂質埴土、シルト質埴壌土、埴壌土、砂質埴壌土である水田化粘土集積赤黄色土。,249,6,0,
中粗粒質水田化粘土集積赤黄色土,次表層の土性が粗砂壌土、壌質砂土、砂土、シルト質壌土、壌土、細砂壌土である水田化粘土集積赤黄色土。,249,8,0,
腐植質粘土集積赤黄色土,「腐植質表層」または「多腐植質表層」をもつ粘土集積赤黄色土。,247,0,0,
岩盤質腐植質粘土集積赤黄色土,土壌表面から60cm以内に岩盤が現れる腐植質粘土集積赤黄色土。,247,2,0,
礫質腐植質粘土集積赤黄色土,土壌表面から60cm以内に礫層が現れる腐植質粘土集積赤黄色土。,247,4,0,
細粒質腐植質粘土集積赤黄色土,次表層の土性が重埴土、シルト質埴土、軽埴土、砂質埴土、シルト質埴壌土、埴壌土、砂質埴壌土である腐植質粘土集積赤黄色土。,247,6,0,
中粗粒質腐植質粘土集積赤黄色土,次表層の土性が粗砂壌土、壌質砂土、砂土、シルト質壌土、壌土、細砂壌土である腐植質粘土集積赤黄色土。,247,8,0,
灰白化粘土集積赤黄色土,「漂白層」をもつ粘土集積赤黄色土。,245,0,0,
岩盤質灰白化粘土集積赤黄色土,土壌表面から60cm以内に岩盤が現れる灰白化粘土集積赤黄色土。,245,2,0,
礫質灰白化粘土集積赤黄色土,土壌表面から60cm以内に礫層が現れる灰白化粘土集積赤黄色土。,245,4,0,
細粒質灰白化粘土集積赤黄色土,次表層の土性が重埴土、シルト質埴土、軽埴土、砂質埴土、シルト質埴壌土、埴壌土、砂質埴壌土である灰白化粘土集積赤黄色土。,245,6,0,
中粗粒質灰白化粘土集積赤黄色土,次表層の土性が粗砂壌土、壌質砂土、砂土、シルト質壌土、壌土、細砂壌土である灰白化粘土集積赤黄色土。,245,8,0,
赤色粘土集積赤黄色土,湿状態の土色が赤色の「粘土集積層」をもつ粘土集積赤黄色土。,243,0,0,
岩盤質赤色粘土集積赤黄色土,土壌表面から60cm以内に岩盤が現れる赤色粘土集積赤黄色土。,243,2,0,
礫質赤色粘土集積赤黄色土,土壌表面から60cm以内に礫層が現れる赤色粘土集積赤黄色土。,243,4,0,
細粒質赤色粘土集積赤黄色土,次表層の土性が重埴土、シルト質埴土、軽埴土、砂質埴土、シルト質埴壌土、埴壌土、砂質埴壌土である赤色粘土集積赤黄色土。,243,6,0,
中粗粒質赤色粘土集積赤黄色土,次表層の土性が粗砂壌土、壌質砂土、砂土、シルト質壌土、壌土、細砂壌土である赤色粘土集積赤黄色土。,243,8,0,
普通粘土集積赤黄色土,典型的な粘土集積赤黄色土。,241,0,0,
岩盤質普通粘土集積赤黄色土,土壌表面から60cm以内に岩盤が現れる普通粘土集積赤黄色土。,241,2,0,
礫質普通粘土集積赤黄色土,土壌表面から60cm以内に礫層が現れる普通粘土集積赤黄色土。,241,4,0,
細粒質普通粘土集積赤黄色土,次表層の土性が重埴土、シルト質埴土、軽埴土、砂質埴土、シルト質埴壌土、埴壌土、砂質埴壌土である普通粘土集積赤黄色土。,241,6,0,
中粗粒質普通粘土集積赤黄色土,次表層の土性が粗砂壌土、壌質砂土、砂土、シルト質壌土、壌土、細砂壌土である普通粘土集積赤黄色土。,241,8,0,
風化変質赤黄色土,「粘土集積層」をもたず、「風化変質層」をもつ赤黄色土。,255,115,223,
湿性風化変質赤黄色土,土壌表面から50-75cmに「地下水湿性特徴」を示す層の上端が現れる風化変質赤黄色土。,253,115,223,
岩盤質湿性風化変質赤黄色土,土壌表面から60cm以内に岩盤が現れる湿性風化変質赤黄色土。,253,117,223,
礫質湿性風化変質赤黄色土,土壌表面から60cm以内に礫層が現れる湿性風化変質赤黄色土。,253,119,223,
細粒質湿性風化変質赤黄色土,次表層の土性が重埴土、シルト質埴土、軽埴土、砂質埴土、シルト質埴壌土、埴壌土、砂質埴壌土である湿性風化変質赤黄色土。,253,121,223,
中粗粒質湿性風化変質赤黄色土,次表層の土性が粗砂壌土、壌質砂土、砂土、シルト質壌土、壌土、細砂壌土である湿性風化変質赤黄色土。,253,123,223,
疑似グライ化風化変質赤黄色土,土壌表面から75㎝以内に「疑似グライ層」の上端が現れる風化変質赤黄色土。,251,115,223,
岩盤質疑似グライ化風化変質赤黄色土,土壌表面から60cm以内に岩盤が現れる疑似グライ化風化変質赤黄色土。,251,117,223,
礫質疑似グライ化風化変質赤黄色土,土壌表面から60cm以内に礫層が現れる疑似グライ化風化変質赤黄色土。,251,119,223,
細粒質疑似グライ化風化変質赤黄色土,次表層の土性が重埴土、シルト質埴土、軽埴土、砂質埴土、シルト質埴壌土、埴壌土、砂質埴壌土である疑似グライ化風化変質赤黄色土。,251,121,223,
中粗粒質疑似グライ化風化変質赤黄色土,次表層の土性が粗砂壌土、壌質砂土、砂土、シルト質壌土、壌土、細砂壌土である疑似グライ化風化変質赤黄色土。,251,123,223,
水田化風化変質赤黄色土,「水田鉄集積層」をもつ風化変質赤黄色土。,249,115,223,
岩盤質水田化風化変質赤黄色土,土壌表面から60cm以内に岩盤が現れる水田化風化変質赤黄色土。,249,117,223,
礫質水田化風化変質赤黄色土,土壌表面から60cm以内に礫層が現れる水田化風化変質赤黄色土。,249,119,223,
細粒質水田化風化変質赤黄色土,次表層の土性が重埴土、シルト質埴土、軽埴土、砂質埴土、シルト質埴壌土、埴壌土、砂質埴壌土である水田化風化変質赤黄色土。,249,121,223,
中粗粒質水田化風化変質赤黄色土,次表層の土性が粗砂壌土、壌質砂土、砂土、シルト質壌土、壌土、細砂壌土である水田化風化変質赤黄色土。,249,123,223,
腐植質風化変質赤黄色土,「腐植質表層」または「多腐植質表層」をもつ風化変質赤黄色土。,247,115,223,
岩盤質腐植質風化変質赤黄色土,土壌表面から60cm以内に岩盤が現れる腐植質風化変質赤黄色土。,247,117,223,
礫質腐植質風化変質赤黄色土,土壌表面から60cm以内に礫層が現れる腐植質風化変質赤黄色土。,247,119,223,
細粒質腐植質風化変質赤黄色土,次表層の土性が重埴土、シルト質埴土、軽埴土、砂質埴土、シルト質埴壌土、埴壌土、砂質埴壌土である腐植質風化変質赤黄色土。,247,121,223,
中粗粒質腐植質風化変質赤黄色土,次表層の土性が粗砂壌土、壌質砂土、砂土、シルト質壌土、壌土、細砂壌土である腐植質風化変質赤黄色土。,247,123,223,
灰白化風化変質赤黄色土,「漂白層」をもつ風化変質赤黄色土。,245,115,223,
岩盤質灰白化風化変質赤黄色土,土壌表面から60cm以内に岩盤が現れる灰白化風化変質赤黄色土。,245,117,223,
礫質灰白化風化変質赤黄色土,土壌表面から60cm以内に礫層が現れる灰白化風化変質赤黄色土。,245,119,223,
細粒質灰白化風化変質赤黄色土,次表層の土性が重埴土、シルト質埴土、軽埴土、砂質埴土、シルト質埴壌土、埴壌土、砂質埴壌土である灰白化風化変質赤黄色土。,245,121,223,
中粗粒質灰白化風化変質赤黄色土,次表層の土性が粗砂壌土、壌質砂土、砂土、シルト質壌土、壌土、細砂壌土である灰白化風化変質赤黄色土。,245,123,223,
赤色風化変質赤黄色土,湿状態の土色が赤色の「粘土集積層」をもつ風化変質赤黄色土。,243,115,223,
岩盤質赤色風化変質赤黄色土,土壌表面から60cm以内に岩盤が現れる赤色風化変質赤黄色土。,243,117,223,
礫質赤色風化変質赤黄色土,土壌表面から60cm以内に礫層が現れる赤色風化変質赤黄色土。,243,119,223,
細粒質赤色風化変質赤黄色土,次表層の土性が重埴土、シルト質埴土、軽埴土、砂質埴土、シルト質埴壌土、埴壌土、砂質埴壌土である赤色風化変質赤黄色土。,243,121,223,
中粗粒質赤色風化変質赤黄色土,次表層の土性が粗砂壌土、壌質砂土、砂土、シルト質壌土、壌土、細砂壌土である赤色風化変質赤黄色土。,243,123,223,
ばん土質風化変質赤黄色土,土壌表面から50cm以内にリン酸吸収係数1000mg P2O5/100g以上（リン酸保持量60％以上）の層が25cm以上ある風化変質赤黄色土。,241,115,223,
岩盤質ばん土質風化変質赤黄色土,土壌表面から60cm以内に岩盤が現れるばんど質風化変質赤黄色土。,241,117,223,
礫質ばん土質風化変質赤黄色土,土壌表面から60cm以内に礫層が現れるばんど質風化変質赤黄色土。,241,119,223,
細粒質ばん土質風化変質赤黄色土,次表層の土性が重埴土、シルト質埴土、軽埴土、砂質埴土、シルト質埴壌土、埴壌土、砂質埴壌土であるばんど質風化変質赤黄色土。,241,121,223,
中粗粒質ばん土質風化変質赤黄色土,次表層の土性が粗砂壌土、壌質砂土、砂土、シルト質壌土、壌土、細砂壌土であるばんど質風化変質赤黄色土。,241,123,223,
普通風化変質赤黄色土,典型的な風化変質赤黄色土。,239,115,223,
岩盤質普通風化変質赤黄色土,土壌表面から60cm以内に岩盤が現れる普通風化変質赤黄色土。,239,117,223,
礫質普通風化変質赤黄色土,土壌表面から60cm以内に礫層が現れる普通風化変質赤黄色土。,239,119,223,
細粒質普通風化変質赤黄色土,次表層の土性が重埴土、シルト質埴土、軽埴土、砂質埴土、シルト質埴壌土、埴壌土、砂質埴壌土である普通風化変質赤黄色土。,239,121,223,
中粗粒質普通風化変質赤黄色土,次表層の土性が粗砂壌土、壌質砂土、砂土、シルト質壌土、壌土、細砂壌土である普通風化変質赤黄色土。,239,123,223,
停滞水グライ土,土壌表面から50cm以内に「グライ層」の上端が現れ、かつその層の下端が土壌表面から50cm以深まで及んでいるか、または岩盤まで及んでいる土壌。,115,255,223,
水田型停滞水グライ土,「水田逆グライ層」をもつ停滞水グライ土。,117,255,223,
岩盤質水田型停滞水グライ土,土壌表面から60cm以内に岩盤が現れる水田型停滞水グライ土。,117,253,223,
礫質水田型停滞水グライ土,土壌表面から60cm以内に礫層が現れる水田型停滞水グライ土。,117,251,223,
細粒質水田型停滞水グライ土,次表層の土性が重埴土、シルト質埴土、軽埴土、砂質埴土、シルト質埴壌土、埴壌土、砂質埴壌土である水田型停滞水グライ土。,117,249,223,
中粗粒質水田型停滞水グライ土,次表層の土性が粗砂壌土、壌質砂土、砂土、シルト質壌土、壌土、細砂壌土である水田型停滞水グライ土。,117,247,223,
表層泥炭質停滞水グライ土,土壌表面から25cm以内に、積算して10cm以上の「泥炭物質」からなる層をもつ停滞水グライ土。,119,255,223,
岩盤質表層泥炭質停滞水グライ土,土壌表面から60cm以内に岩盤が現れる表層泥炭質停滞水グライ土。,119,253,223,
礫質表層泥炭質停滞水グライ土,土壌表面から60cm以内に礫層が現れる表層泥炭質停滞水グライ土。,119,251,223,
細粒質表層泥炭質停滞水グライ土,次表層の土性が重埴土、シルト質埴土、軽埴土、砂質埴土、シルト質埴壌土、埴壌土、砂質埴壌土である表層泥炭質停滞水グライ土。,119,249,223,
中粗粒質表層泥炭質停滞水グライ土,次表層の土性が粗砂壌土、壌質砂土、砂土、シルト質壌土、壌土、細砂壌土である表層泥炭質停滞水グライ土。,119,247,223,
腐植質停滞水グライ土,「腐植質表層」または「多腐植質表層」をもつ停滞水グライ土。,121,255,223,
岩盤質腐植質停滞水グライ土,土壌表面から60cm以内に岩盤が現れる腐植質停滞水グライ土。,121,253,223,
礫質腐植質停滞水グライ土,土壌表面から60cm以内に礫層が現れる腐植質停滞水グライ土。,121,251,223,
細粒質腐植質停滞水グライ土,次表層の土性が重埴土、シルト質埴土、軽埴土、砂質埴土、シルト質埴壌土、埴壌土、砂質埴壌土である腐植質停滞水グライ土。,121,249,223,
中粗粒質腐植質停滞水グライ土,次表層の土性が粗砂壌土、壌質砂土、砂土、シルト質壌土、壌土、細砂壌土である腐植質停滞水グライ土。,121,247,223,
普通停滞水グライ土,典型的な停滞水グライ土。,123,255,223,
岩盤質普通停滞水グライ土,土壌表面から60cm以内に岩盤が現れる普通停滞水グライ土。,123,253,223,
礫質普通停滞水グライ土,土壌表面から60cm以内に礫層が現れる普通停滞水グライ土。,123,251,223,
細粒質普通停滞水グライ土,次表層の土性が重埴土、シルト質埴土、軽埴土、砂質埴土、シルト質埴壌土、埴壌土、砂質埴壌土である普通停滞水グライ土。,123,249,223,
中粗粒質普通停滞水グライ土,次表層の土性が粗砂壌土、壌質砂土、砂土、シルト質壌土、壌土、細砂壌土である普通停滞水グライ土。,123,247,223,
疑似グライ土,台地に分布し、緻密な下層をもつ排水の良くない土壌。,163,255,115,
地下水型疑似グライ土,土壌表面から50-75cmに、厚さ10cm以上の「地下水湿性特徴」または「グライ特徴」を示す層の上端が現れる疑似グライ土。,165,255,115,
岩盤質地下水型疑似グライ土,土壌表面から60cm以内に岩盤が現れる地下水型疑似グライ土。,165,253,115,
礫質地下水型疑似グライ土,土壌表面から60cm以内に礫層が現れる地下水型疑似グライ土。,165,251,115,
細粒質地下水型疑似グライ土,次表層の土性が重埴土、シルト質埴土、軽埴土、砂質埴土、シルト質埴壌土、埴壌土、砂質埴壌土である地下水型疑似グライ土。,165,249,115,
中粗粒質地下水型疑似グライ土,次表層の土性が粗砂壌土、壌質砂土、砂土、シルト質壌土、壌土、細砂壌土である地下水型疑似グライ土。,165,247,115,
褐色疑似グライ土,土壌表面から30cm以内に「疑似グライ層」または厚さ10cm以上の「地下水湿性特徴」を示す層がみられない疑似グライ土。,167,255,115,
岩盤質褐色疑似グライ土,土壌表面から60cm以内に岩盤が現れる褐色疑似グライ土。,167,253,115,
礫質褐色疑似グライ土,土壌表面から60cm以内に礫層が現れる褐色疑似グライ土。,167,251,115,
細粒質褐色疑似グライ土,次表層の土性が重埴土、シルト質埴土、軽埴土、砂質埴土、シルト質埴壌土、埴壌土、砂質埴壌土である褐色疑似グライ土。,167,249,115,
中粗粒質褐色疑似グライ土,次表層の土性が粗砂壌土、壌質砂土、砂土、シルト質壌土、壌土、細砂壌土である褐色疑似グライ土。,167,247,115,
水田化疑似グライ土,「水田鉄集積層」をもつ疑似グライ土。,169,255,115,
岩盤質水田化疑似グライ土,土壌表面から60cm以内に岩盤が現れる水田化疑似グライ土。,169,253,115,
礫質水田化疑似グライ土,土壌表面から60cm以内に礫層が現れる水田化疑似グライ土。,169,251,115,
細粒質水田化疑似グライ土,次表層の土性が重埴土、シルト質埴土、軽埴土、砂質埴土、シルト質埴壌土、埴壌土、砂質埴壌土である水田化疑似グライ土。,169,249,115,
中粗粒質水田化疑似グライ土,次表層の土性が粗砂壌土、壌質砂土、砂土、シルト質壌土、壌土、細砂壌土である水田化疑似グライ土。,169,247,115,
腐植質疑似グライ土,「腐植質表層」または「多腐植質表層」をもつ疑似グライ土。,171,255,115,
岩盤質腐植質疑似グライ土,土壌表面から60cm以内に岩盤が現れる腐植質疑似グライ土。,171,253,115,
礫質腐植質疑似グライ土,土壌表面から60cm以内に礫層が現れる腐植質疑似グライ土。,171,251,115,
細粒質腐植質疑似グライ土,次表層の土性が重埴土、シルト質埴土、軽埴土、砂質埴土、シルト質埴壌土、埴壌土、砂質埴壌土である腐植質疑似グライ土。,171,249,115,
中粗粒質腐植質疑似グライ土,次表層の土性が粗砂壌土、壌質砂土、砂土、シルト質壌土、壌土、細砂壌土である腐植質疑似グライ土。,171,247,115,
普通疑似グライ土,典型的な疑似グライ土。,173,255,115,
岩盤質普通疑似グライ土,土壌表面から60cm以内に岩盤が現れる普通疑似グライ土。,173,253,115,
礫質普通疑似グライ土,土壌表面から60cm以内に礫層が現れる普通疑似グライ土。,173,251,115,
細粒質普通疑似グライ土,次表層の土性が重埴土、シルト質埴土、軽埴土、砂質埴土、シルト質埴壌土、埴壌土、砂質埴壌土である普通疑似グライ土。,173,249,115,
中粗粒質普通疑似グライ土,次表層の土性が粗砂壌土、壌質砂土、砂土、シルト質壌土、壌土、細砂壌土である普通疑似グライ土。,173,247,115,
褐色森林土,火山灰の影響の少ない山地・丘陵地に分布する褐色あるいは黄褐色の「風化変質層」をもつ土壌。,34,140,34,
湿性褐色森林土,土壌表面から75cm以内に「表面水湿性特徴」または「地下水湿性特徴」を示す層の上端が現れる褐色森林土。,36,140,34,
岩盤質湿性褐色森林土,土壌表面から60cm以内に岩盤が現れる湿性褐色森林土。,36,142,34,
礫質湿性褐色森林土,土壌表面から60cm以内に礫層が現れる湿性褐色森林土。,36,144,34,
細粒質湿性褐色森林土,次表層の土性が重埴土、シルト質埴土、軽埴土、砂質埴土、シルト質埴壌土、埴壌土、砂質埴壌土である湿性褐色森林土。,36,146,34,
中粗粒質湿性褐色森林土,次表層の土性が粗砂壌土、壌質砂土、砂土、シルト質壌土、壌土、細砂壌土である湿性褐色森林土。,36,148,34,
水田化褐色森林土,「水田鉄集積層」をもつ褐色森林土。,38,140,34,
岩盤質水田化褐色森林土,土壌表面から60cm以内に岩盤が現れる水田化褐色森林土。,38,142,34,
礫質水田化褐色森林土,土壌表面から60cm以内に礫層が現れる水田化褐色森林土。,38,144,34,
細粒質水田化褐色森林土,次表層の土性が重埴土、シルト質埴土、軽埴土、砂質埴土、シルト質埴壌土、埴壌土、砂質埴壌土である水田化褐色森林土。,38,146,34,
中粗粒質水田化褐色森林土,次表層の土性が粗砂壌土、壌質砂土、砂土、シルト質壌土、壌土、細砂壌土である水田化褐色森林土。,38,148,34,
下層赤黄色褐色森林土,土壌表面から75cm以内に「赤黄色特徴」を示す「風化変質層」または「粘土集積層」をもつ褐色森林土。,40,140,34,
岩盤質下層赤黄色褐色森林土,土壌表面から60cm以内に岩盤が現れる下層赤黄色褐色森林土。,40,142,34,
礫質下層赤黄色褐色森林土,土壌表面から60cm以内に礫層が現れる下層赤黄色褐色森林土。,40,144,34,
細粒質下層赤黄色褐色森林土,次表層の土性が重埴土、シルト質埴土、軽埴土、砂質埴土、シルト質埴壌土、埴壌土、砂質埴壌土である下層赤黄色褐色森林土。,40,146,34,
中粗粒質下層赤黄色褐色森林土,次表層の土性が粗砂壌土、壌質砂土、砂土、シルト質壌土、壌土、細砂壌土である下層赤黄色褐色森林土。,40,148,34,
腐植質褐色森林土,「腐植質表層」または「多腐植質表層」をもつ褐色森林土。,42,140,34,
岩盤質腐植質褐色森林土,土壌表面から60cm以内に岩盤が現れる腐植質褐色森林土。,42,142,34,
礫質腐植質褐色森林土,土壌表面から60cm以内に礫層が現れる腐植質褐色森林土。,42,144,34,
細粒質腐植質褐色森林土,次表層の土性が重埴土、シルト質埴土、軽埴土、砂質埴土、シルト質埴壌土、埴壌土、砂質埴壌土である腐植質褐色森林土。,42,146,34,
中粗粒質腐植質褐色森林土,次表層の土性が粗砂壌土、壌質砂土、砂土、シルト質壌土、壌土、細砂壌土である腐植質褐色森林土。,42,148,34,
台地褐色森林土,洪積世堆積物（更新世の河成、海成、湖沼成の古い未固結堆積物）を母材とする褐色森林土。,44,140,34,
岩盤質台地褐色森林土,土壌表面から60cm以内に岩盤が現れる台地褐色森林土。,44,142,34,
礫質台地褐色森林土,土壌表面から60cm以内に礫層が現れる台地褐色森林土。,44,144,34,
細粒質台地褐色森林土,次表層の土性が重埴土、シルト質埴土、軽埴土、砂質埴土、シルト質埴壌土、埴壌土、砂質埴壌土である台地褐色森林土。,44,146,34,
中粗粒質台地褐色森林土,次表層の土性が粗砂壌土、壌質砂土、砂土、シルト質壌土、壌土、細砂壌土である台地褐色森林土。,44,148,34,
塩基型褐色森林土,次表層の全ての亜層位でpH(H2O)が6.5以上である褐色森林土。,46,140,34,
岩盤質塩基型褐色森林土,土壌表面から60cm以内に岩盤が現れる塩基型褐色森林土。,46,142,34,
礫質塩基型褐色森林土,土壌表面から60cm以内に礫層が現れる塩基型褐色森林土。,46,144,34,
細粒質塩基型褐色森林土,次表層の土性が重埴土、シルト質埴土、軽埴土、砂質埴土、シルト質埴壌土、埴壌土、砂質埴壌土である塩基型褐色森林土。,46,146,34,
中粗粒質塩基型褐色森林土,次表層の土性が粗砂壌土、壌質砂土、砂土、シルト質壌土、壌土、細砂壌土である塩基型褐色森林土。,46,148,34,
ばん土質褐色森林土,土壌表面から50cm以内にリン酸吸収係数1000mg P2O5/100g以上（リン酸保持量60％以上）の層が25cm以上ある褐色森林土。,48,140,34,
岩盤質ばん土質褐色森林土,土壌表面から60cm以内に岩盤が現れるばん土質褐色森林土。,48,142,34,
礫質ばん土質褐色森林土,土壌表面から60cm以内に礫層が現れるばん土質褐色森林土。,48,144,34,
細粒質ばん土質褐色森林土,次表層の土性が重埴土、シルト質埴土、軽埴土、砂質埴土、シルト質埴壌土、埴壌土、砂質埴壌土であるばん土質褐色森林土。,48,146,34,
中粗粒質ばん土質褐色森林土,次表層の土性が粗砂壌土、壌質砂土、砂土、シルト質壌土、壌土、細砂壌土であるばん土質褐色森林土。,48,148,34,
ポドゾル化褐色森林土,「ポドゾル性集積層（断面形態）」または「ポドゾル性集積層（分析値）」をもつ褐色森林土。,50,140,34,
岩盤質ポドゾル化褐色森林土,土壌表面から60cm以内に岩盤が現れるポドゾル化褐色森林土。,50,142,34,
礫質ポドゾル化褐色森林土,土壌表面から60cm以内に礫層が現れるポドゾル化褐色森林土。,50,144,34,
細粒質ポドゾル化褐色森林土,次表層の土性が重埴土、シルト質埴土、軽埴土、砂質埴土、シルト質埴壌土、埴壌土、砂質埴壌土であるポドゾル化褐色森林土。,50,146,34,
中粗粒質ポドゾル化褐色森林土,次表層の土性が粗砂壌土、壌質砂土、砂土、シルト質壌土、壌土、細砂壌土であるポドゾル化褐色森林土。,50,148,34,
普通褐色森林土,典型的な褐色森林土。,52,140,34,
岩盤質普通褐色森林土,土壌表面から60cm以内に岩盤が現れる普通褐色森林土。,52,142,34,
礫質普通褐色森林土,土壌表面から60cm以内に礫層が現れる普通褐色森林土。,52,144,34,
細粒質普通褐色森林土,次表層の土性が重埴土、シルト質埴土、軽埴土、砂質埴土、シルト質埴壌土、埴壌土、砂質埴壌土である普通褐色森林土。,52,146,34,
中粗粒質普通褐色森林土,次表層の土性が粗砂壌土、壌質砂土、砂土、シルト質壌土、壌土、細砂壌土である普通褐色森林土。,52,148,34,
火山放出物未熟土,層位分化が未発達で、土壌表面から50cm以内に積算で厚さ25cm以上の「火山放出物」からなる層をもつ土壌。,211,181,141,
湿性火山放出物未熟土,土壌表面から50cm以内に「グライ特徴」または「地下水湿性特徴」を示す層の上端が現れる火山放出物未熟土。,213,181,141,
下層泥炭湿性火山放出物未熟土,土壌表面から75cm以内に積算して25cm以上の「泥炭物質」からなる層をもつ湿性火山放出物未熟土。,213,183,141,
下層低地湿性火山放出物未熟土,土壌表面から75cm以内に積算して25cm以上の「沖積堆積物」をもつ層をもつ湿性火山放出物未熟土。,213,185,141,
典型湿性火山放出物未熟土,典型的な湿性火山放出物未熟土。,213,187,141,
普通火山放出物未熟土,典型的な火山放出物未熟土。,215,181,141,
盤層型普通火山放出物未熟土,土壌表面から60cm以内に盤層が現れる普通火山放出物未熟土。,215,183,141,
下層低地普通火山放出物未熟土,土壌表面から75cm以内に積算して25cm以上の「沖積堆積物」からなる層をもつ普通火山放出物未熟土。,215,185,141,
下層黒ボク普通火山放出物未熟土,土壌表面から100cm以内に積算して25cm以上の「黒ボク特徴」をもつ層をもつ普通火山放出物未熟土。,215,187,141,
典型普通火山放出物未熟土,典型的な普通火山放出物未熟土。,215,189,141,
砂質未熟土,土壌表面から100cmまで、石礫含量が断面割合で35％未満で、かつ、土性は壌質砂土、またはそれより粗い。ただし、石灰質、サンゴ質の砂も含む。,238,216,175,
湿性砂質未熟土,土壌表面から75cm以内に「グライ特徴」または「地下水湿性特徴」を示す層の上端が現れる砂質未熟土。,240,216,175,
典型湿性砂質未熟土,すべての湿性砂質未熟土。,240,218,175,
石灰質砂質未熟土,土壌表面から20-50㎝の間で、炭酸カルシウム換算で2.0％以上の炭酸塩を含む砂質未熟土。,242,216,175,
典型石灰質砂質未熟土,すべての石灰質砂質未熟土。,242,218,175,
普通砂質未熟土,典型的な砂質未熟土。,242,220,175,
典型普通砂質未熟土,すべての普通砂質未熟土。,242,222,175,
固結岩屑土,土壌表面から30cm以内に固結した岩盤が現れる土壌。,204,204,0,
湿性固結岩屑土,土壌表面から岩盤までの間に「グライ特徴」または「地下水湿性特徴」を示す層の上端が現れる固結岩屑土。,206,204,0,
典型湿性固結岩屑土,すべての湿性固結岩屑土。,206,206,0,
石灰質固結岩屑土,岩盤上の層が炭酸カルシウム換算で2.0％以上の炭酸塩を含む固結岩屑土。,208,204,0,
暗色表層石灰質固結岩屑土,「富塩基暗色表層」をもち、かつ、岩盤上の層が炭酸カルシウム換算で2.0％以上の炭酸塩を含む固結岩屑土。,208,206,0,
典型石灰質固結岩屑土,典型的な石灰質固結岩屑土。,208,208,0,
普通固結岩屑土,典型的な固結岩屑土。,210,204,0,
典型普通固結岩屑土,すべての普通固結岩屑土。,210,206,0,
陸成未熟土,層位分化が進んでおらず、母材そのものの物理的・化学的性質の影響を強く受けている土壌。,255,255,0,
花崗岩型陸成未熟土,花崗岩に由来する陸成未熟土。,253,255,0,
典型花崗岩型陸成未熟土,すべての花崗岩型陸成未熟土。,253,253,0,
石灰質陸成未熟土,土壌表面から20-50cmの間で炭酸カルシウム換算で2.0％以上の炭酸塩を含む陸成未熟土。,251,255,0,
暗色表層石灰質陸成未熟土,「富塩基暗色表層」をもち、かつ、土壌表面から20-50cmの間で炭酸カルシウム換算で2.0％以上の炭酸塩を含む陸成未熟土。,251,253,0,
典型石灰質陸成未熟土,典型的な石灰質陸成未熟土。,251,251,0,
泥灰岩質陸成未熟土,泥灰岩に由来し、土壌表面から100cm、または基岩までの全ての層位で粘土含量が30％以上である陸成未熟土。,249,255,0,
湿性泥灰岩質陸成未熟土,土壌表面から75㎝以内に「グライ特徴」または「地下水湿性特徴」を示す層の上端が現れる泥灰岩質陸成未熟土。,249,253,0,
典型泥灰岩質陸成未熟土,典型的な泥灰岩質陸成未熟土。,249,251,0,
軟岩型陸成未熟土,礫または岩盤がコテ、シャベルで削れる陸成未熟土。,247,255,0,
典型軟岩型陸成未熟土,すべての軟岩型陸成未熟土。,247,253,0,
普通陸成未熟土,典型的な陸成未熟土。,245,255,0,
典型普通陸成未熟土,すべての普通陸成未熟土。,245,253,0,
,不明,255,255,255,
岩石地,岩石地,255,255,254,
,,,,,
